games/url,games/pgn,games/time_control,games/end_time,games/rated,games/tcn,games/uuid,games/initial_setup,games/fen,games/time_class,games/rules,games/white/rating,games/white/result,games/white/@id,games/white/username,games/white/uuid,games/black/rating,games/black/result,games/black/@id,games/black/username,games/black/uuid,games/eco,games/accuracies/white,games/accuracies/black
https://www.chess.com/game/live/4550556607,"[Event ""Live Chess""]
[Site ""Chess.com""]
[Date ""2020.03.01""]
[Round ""-""]
[White ""EliteBarbs13""]
[Black ""sam9990""]
[Result ""1-0""]
[CurrentPosition ""r1q4r/1p2R2p/p6k/2pN1nQ1/5B2/7P/PPP2P2/2K1R3 b - -""]
[Timezone ""UTC""]
[ECO ""C41""]
[ECOUrl ""https://www.chess.com/openings/Philidor-Defense-Exchange-Variation-4.Nxd4""]
[UTCDate ""2020.03.01""]
[UTCTime ""15:34:31""]
[WhiteElo ""1174""]
[BlackElo ""1173""]
[TimeControl ""600""]
[Termination ""EliteBarbs13 won by checkmate""]
[StartTime ""15:34:31""]
[EndDate ""2020.03.01""]
[EndTime ""15:41:46""]
[Link ""https://www.chess.com/game/live/4550556607""]

1. e4 {[%clk 0:09:59.9]} 1... e5 {[%clk 0:09:58.5]} 2. Nf3 {[%clk 0:09:57.6]} 2... d6 {[%clk 0:09:56.3]} 3. d4 {[%clk 0:09:55.7]} 3... exd4 {[%clk 0:09:54.1]} 4. Nxd4 {[%clk 0:09:51.6]} 4... c5 {[%clk 0:09:50.8]} 5. Nf3 {[%clk 0:09:44.2]} 5... Bg4 {[%clk 0:09:48.4]} 6. h3 {[%clk 0:09:41.5]} 6... Bh5 {[%clk 0:09:45.2]} 7. g4 {[%clk 0:09:40.1]} 7... Bg6 {[%clk 0:09:38.7]} 8. Bg5 {[%clk 0:09:36.7]} 8... f6 {[%clk 0:09:35.8]} 9. Bh4 {[%clk 0:09:35.4]} 9... Bxe4 {[%clk 0:09:28.9]} 10. Nc3 {[%clk 0:09:28.9]} 10... Bxf3 {[%clk 0:09:26.3]} 11. Qxf3 {[%clk 0:09:28]} 11... Qd7 {[%clk 0:09:11.7]} 12. O-O-O {[%clk 0:09:21.9]} 12... Ne7 {[%clk 0:09:06.5]} 13. Bb5 {[%clk 0:09:08.9]} 13... Nbc6 {[%clk 0:08:58.2]} 14. Bg3 {[%clk 0:08:49.6]} 14... a6 {[%clk 0:08:49.7]} 15. Rxd6 {[%clk 0:08:43.2]} 15... Qc8 {[%clk 0:08:34.6]} 16. Bxc6+ {[%clk 0:08:27.2]} 16... Nxc6 {[%clk 0:08:30.9]} 17. Re1+ {[%clk 0:08:18.5]} 17... Be7 {[%clk 0:08:27.4]} 18. Nd5 {[%clk 0:08:11.6]} 18... Kf7 {[%clk 0:08:06.3]} 19. Rde6 {[%clk 0:06:53.3]} 19... Nd4 {[%clk 0:07:53.9]} 20. Rxe7+ {[%clk 0:06:15.3]} 20... Kg6 {[%clk 0:07:49.1]} 21. Qe4+ {[%clk 0:06:03.6]} 21... f5 {[%clk 0:07:46.2]} 22. gxf5+ {[%clk 0:05:51.1]} 22... Nxf5 {[%clk 0:07:41.9]} 23. Qg4+ {[%clk 0:05:38.9]} 23... Kh6 {[%clk 0:07:35.2]} 24. Bf4+ {[%clk 0:05:32.5]} 24... g5 {[%clk 0:07:32.1]} 25. Qxg5# {[%clk 0:05:25.5]} 1-0
",600,1583077306,true,mC0KgvZRlBKBvBYIBv6EpxENoENUcM1TMFUCbsCvdv7Zec!0fH5QFwWOdRZ6HQ0Qhe90sJ81RSQBS01UvCTLELBLCEUVwD2MEM,1a4c7790-5bd2-11ea-8649-eb3d40010001,,r1q4r/1p2R2p/p6k/2pN1nQ1/5B2/7P/PPP2P2/2K1R3 b - -,blitz,chess,1174,win,https://api.chess.com/pub/player/elitebarbs13,EliteBarbs13,d35dcd9c-9987-11e7-802c-000000000000,1173,checkmated,https://api.chess.com/pub/player/sam9990,sam9990,2f4c883a-1fe7-11e6-8016-000000000000,https://www.chess.com/openings/Philidor-Defense-Exchange-Variation-4.Nxd4,,
https://www.chess.com/game/live/4550858469,"[Event ""Live Chess""]
[Site ""Chess.com""]
[Date ""2020.03.01""]
[Round ""-""]
[White ""pedrohenrique784""]
[Black ""EliteBarbs13""]
[Result ""1-0""]
[CurrentPosition ""2k4r/1ppr1ppp/p2b1n2/3pn3/3P4/P1N1PQ2/1P1B1PPP/R3K2R w KQ -""]
[Timezone ""UTC""]
[ECO ""D07""]
[ECOUrl ""https://www.chess.com/openings/Queens-Gambit-Declined-Chigorin-Main-Line-4.e3""]
[UTCDate ""2020.03.01""]
[UTCTime ""17:13:42""]
[WhiteElo ""1173""]
[BlackElo ""1038""]
[TimeControl ""900+10""]
[Termination ""pedrohenrique784 won by resignation""]
[StartTime ""17:13:42""]
[EndDate ""2020.03.01""]
[EndTime ""17:16:15""]
[Link ""https://www.chess.com/game/live/4550858469""]

1. d4 {[%clk 0:15:09.9]} 1... d5 {[%clk 0:15:08.2]} 2. c4 {[%clk 0:15:18.5]} 2... Nc6 {[%clk 0:15:05.8]} 3. Nf3 {[%clk 0:15:25.9]} 3... Bg4 {[%clk 0:14:57.5]} 4. e3 {[%clk 0:15:33.9]} 4... Bxf3 {[%clk 0:15:04.1]} 5. Qxf3 {[%clk 0:15:38.7]} 5... e6 {[%clk 0:15:11.6]} 6. a3 {[%clk 0:15:47]} 6... Nf6 {[%clk 0:15:09.5]} 7. Nc3 {[%clk 0:15:53.6]} 7... Qd7 {[%clk 0:15:07.5]} 8. cxd5 {[%clk 0:15:59.6]} 8... exd5 {[%clk 0:15:07.8]} 9. Bb5 {[%clk 0:16:06.9]} 9... O-O-O {[%clk 0:15:15.7]} 10. Bd2 {[%clk 0:16:11.5]} 10... a6 {[%clk 0:15:17.6]} 11. Bd3 {[%clk 0:16:19.9]} 11... Bd6 {[%clk 0:15:19.8]} 12. Bf5 {[%clk 0:16:27.3]} 12... Ne5 {[%clk 0:15:14.9]} 13. Bxd7+ {[%clk 0:16:35.1]} 13... Rxd7 {[%clk 0:15:22]} 1-0
",900+10,1583082975,true,lBZJkA5Qgv6EmuEvdv0Siq!Tbs7ZAJSJfH86clWOHt9RtLQKLZ7Z,fd6fd2b5-5bdf-11ea-8649-eb3d40010001,,2k4r/1ppr1ppp/p2b1n2/3pn3/3P4/P1N1PQ2/1P1B1PPP/R3K2R w KQ -,rapid,chess,1173,win,https://api.chess.com/pub/player/pedrohenrique784,pedrohenrique784,3d97193c-da65-11e9-a286-4bef3a0d4703,1038,resigned,https://api.chess.com/pub/player/elitebarbs13,EliteBarbs13,d35dcd9c-9987-11e7-802c-000000000000,https://www.chess.com/openings/Queens-Gambit-Declined-Chigorin-Main-Line-4.e3,,
https://www.chess.com/game/live/4551759228,"[Event ""Live Chess""]
[Site ""Chess.com""]
[Date ""2020.03.01""]
[Round ""-""]
[White ""EliteBarbs13""]
[Black ""AbramovicB""]
[Result ""1-0""]
[CurrentPosition ""8/R4kp1/p6p/2pbP3/8/8/PPP2P1P/2K5 b - -""]
[Timezone ""UTC""]
[ECO ""C41""]
[ECOUrl ""https://www.chess.com/openings/Philidor-Defense-Exchange-Variation-4.Nxd4-Nf6""]
[UTCDate ""2020.03.01""]
[UTCTime ""22:20:43""]
[WhiteElo ""1121""]
[BlackElo ""1047""]
[TimeControl ""900+10""]
[Termination ""EliteBarbs13 won by resignation""]
[StartTime ""22:20:43""]
[EndDate ""2020.03.01""]
[EndTime ""22:33:50""]
[Link ""https://www.chess.com/game/live/4551759228""]

1. e4 {[%clk 0:15:09.9]} 1... e5 {[%clk 0:15:08.4]} 2. Nf3 {[%clk 0:15:18.8]} 2... d6 {[%clk 0:15:16.2]} 3. d4 {[%clk 0:15:26.7]} 3... exd4 {[%clk 0:15:20.9]} 4. Nxd4 {[%clk 0:15:25.1]} 4... Nf6 {[%clk 0:15:25.6]} 5. Bg5 {[%clk 0:15:31]} 5... h6 {[%clk 0:15:31]} 6. Bxf6 {[%clk 0:15:36.1]} 6... Qxf6 {[%clk 0:15:36.8]} 7. Nc3 {[%clk 0:15:44.2]} 7... c5 {[%clk 0:15:24.8]} 8. Ndb5 {[%clk 0:15:33.4]} 8... Na6 {[%clk 0:15:06.2]} 9. Qd2 {[%clk 0:15:16.5]} 9... Bd7 {[%clk 0:15:14]} 10. O-O-O {[%clk 0:15:09.8]} 10... Be7 {[%clk 0:15:07.9]} 11. Nd5 {[%clk 0:14:19.3]} 11... Qe5 {[%clk 0:14:52.5]} 12. Nxe7 {[%clk 0:13:53.6]} 12... Qxe7 {[%clk 0:14:51.5]} 13. Nxd6+ {[%clk 0:13:56]} 13... Kf8 {[%clk 0:14:43.2]} 14. Bxa6 {[%clk 0:13:27.2]} 14... bxa6 {[%clk 0:14:47.1]} 15. Rhe1 {[%clk 0:13:23.3]} 15... Bc6 {[%clk 0:14:23.6]} 16. e5 {[%clk 0:13:08.1]} 16... Rd8 {[%clk 0:14:27.4]} 17. Qf4 {[%clk 0:11:31.7]} 17... Qe6 {[%clk 0:13:05.5]} 18. Nxf7 {[%clk 0:10:59.7]} 18... Rxd1+ {[%clk 0:13:04.9]} 19. Rxd1 {[%clk 0:11:08]} 19... Qxf7 {[%clk 0:13:06.1]} 20. Rd8+ {[%clk 0:11:15.5]} 20... Ke7 {[%clk 0:13:09.7]} 21. Qxf7+ {[%clk 0:11:15.5]} 21... Kxf7 {[%clk 0:13:11.6]} 22. Rxh8 {[%clk 0:11:19.6]} 22... Bxg2 {[%clk 0:13:19.1]} 23. Ra8 {[%clk 0:11:26.8]} 23... Bd5 {[%clk 0:13:25.8]} 24. Rxa7+ {[%clk 0:11:34.4]} 1-0
",900+10,1583102030,true,mC0KgvZRlBKBvB!TcM3VMT7TbsYIBH5Odl6Zec90sJTKJ0K0HR89fOXOheZQCK47lD0SR17dedS1d790D1017?Qo?4oJ4W,e09f3578-5c0a-11ea-8649-eb3d40010001,,8/R4kp1/p6p/2pbP3/8/8/PPP2P1P/2K5 b - -,rapid,chess,1121,win,https://api.chess.com/pub/player/elitebarbs13,EliteBarbs13,d35dcd9c-9987-11e7-802c-000000000000,1047,resigned,https://api.chess.com/pub/player/abramovicb,AbramovicB,0e1d1fe6-f800-11e8-8039-000000000000,https://www.chess.com/openings/Philidor-Defense-Exchange-Variation-4.Nxd4-Nf6,,
https://www.chess.com/game/live/4551943368,"[Event ""Live Chess""]
[Site ""Chess.com""]
[Date ""2020.03.01""]
[Round ""-""]
[White ""cookiemr""]
[Black ""EliteBarbs13""]
[Result ""1-0""]
[CurrentPosition ""5rk1/pbp2rpp/8/8/8/3PP3/P1Q3PP/R4RK1 w - -""]
[Timezone ""UTC""]
[ECO ""C48""]
[ECOUrl ""https://www.chess.com/openings/Four-Knights-Game-Spanish-Variation""]
[UTCDate ""2020.03.01""]
[UTCTime ""23:38:32""]
[WhiteElo ""1032""]
[BlackElo ""1038""]
[TimeControl ""900+10""]
[Termination ""cookiemr won by resignation""]
[StartTime ""23:38:32""]
[EndDate ""2020.03.01""]
[EndTime ""23:46:08""]
[Link ""https://www.chess.com/game/live/4551943368""]

1. e4 {[%clk 0:14:58.1]} 1... e5 {[%clk 0:15:07.8]} 2. Nf3 {[%clk 0:15:04.5]} 2... Nc6 {[%clk 0:15:15.5]} 3. Nc3 {[%clk 0:15:05.4]} 3... Nf6 {[%clk 0:15:18.8]} 4. Bb5 {[%clk 0:15:13.5]} 4... d5 {[%clk 0:15:18.4]} 5. exd5 {[%clk 0:14:41.6]} 5... Nxd5 {[%clk 0:15:25.1]} 6. Nxe5 {[%clk 0:14:50.1]} 6... Nxc3 {[%clk 0:15:15]} 7. bxc3 {[%clk 0:14:50.9]} 7... Qf6 {[%clk 0:15:11.8]} 8. Nxc6 {[%clk 0:14:58.3]} 8... bxc6 {[%clk 0:15:20.2]} 9. Bc4 {[%clk 0:15:02.2]} 9... Bc5 {[%clk 0:15:23.1]} 10. O-O {[%clk 0:15:05.7]} 10... O-O {[%clk 0:15:29.2]} 11. d3 {[%clk 0:15:10.7]} 11... Qxc3 {[%clk 0:15:12.4]} 12. Be3 {[%clk 0:14:56.6]} 12... Bxe3 {[%clk 0:14:38.4]} 13. fxe3 {[%clk 0:15:00.1]} 13... Rb8 {[%clk 0:14:07.9]} 14. Qf3 {[%clk 0:15:03.4]} 14... Qxc2 {[%clk 0:13:35.8]} 15. Qxc6 {[%clk 0:15:03.6]} 15... Bb7 {[%clk 0:13:44.4]} 16. Bxf7+ {[%clk 0:15:01.4]} 16... Rxf7 {[%clk 0:13:35]} 17. Qxc2 {[%clk 0:14:58.2]} 17... Rbf8 {[%clk 0:13:22.4]} 1-0
",900+10,1583106368,true,mC0Kgv5Qbs!TfHZJCJTJvKJsjs7TKQXQHA9Ieg8!ltTscuIunu45dvskvQ6XA191Qk59,b943fb48-5c15-11ea-8649-eb3d40010001,,5rk1/pbp2rpp/8/8/8/3PP3/P1Q3PP/R4RK1 w - -,rapid,chess,1032,win,https://api.chess.com/pub/player/cookiemr,cookiemr,05f3a562-c20b-11e9-9102-dba0cef4d262,1038,resigned,https://api.chess.com/pub/player/elitebarbs13,EliteBarbs13,d35dcd9c-9987-11e7-802c-000000000000,https://www.chess.com/openings/Four-Knights-Game-Spanish-Variation,,
https://www.chess.com/game/live/4551976486,"[Event ""Live Chess""]
[Site ""Chess.com""]
[Date ""2020.03.01""]
[Round ""-""]
[White ""Manishmundra""]
[Black ""EliteBarbs13""]
[Result ""1-0""]
[CurrentPosition ""5k1r/1pp2ppp/p7/P7/1P2QP2/4R2P/5KP1/RN1r4 b - -""]
[Timezone ""UTC""]
[ECO ""D00""]
[ECOUrl ""https://www.chess.com/openings/Queens-Pawn-Opening-1...d5""]
[UTCDate ""2020.03.01""]
[UTCTime ""23:54:01""]
[WhiteElo ""876""]
[BlackElo ""805""]
[TimeControl ""60""]
[Termination ""Manishmundra won by resignation""]
[StartTime ""23:54:01""]
[EndDate ""2020.03.01""]
[EndTime ""23:55:24""]
[Link ""https://www.chess.com/game/live/4551976486""]

1. d4 {[%clk 0:00:59.9]} 1... d5 {[%clk 0:00:59.9]} 2. h3 {[%clk 0:00:59.6]} 2... Nf6 {[%clk 0:00:59]} 3. Bf4 {[%clk 0:00:59.3]} 3... e5 {[%clk 0:00:58.3]} 4. e3 {[%clk 0:00:59]} 4... exf4 {[%clk 0:00:57.4]} 5. exf4 {[%clk 0:00:58.6]} 5... Bf5 {[%clk 0:00:56.9]} 6. Nf3 {[%clk 0:00:58.3]} 6... Bb4+ {[%clk 0:00:53.5]} 7. c3 {[%clk 0:00:56.7]} 7... Ba5 {[%clk 0:00:53.4]} 8. b4 {[%clk 0:00:55.3]} 8... Bb6 {[%clk 0:00:53.3]} 9. a4 {[%clk 0:00:54.7]} 9... a6 {[%clk 0:00:52.2]} 10. a5 {[%clk 0:00:54.2]} 10... Ba7 {[%clk 0:00:51.5]} 11. Bd3 {[%clk 0:00:53.9]} 11... Kf8 {[%clk 0:00:48.9]} 12. Bxf5 {[%clk 0:00:53]} 12... Ne4 {[%clk 0:00:39.5]} 13. Bxe4 {[%clk 0:00:51.6]} 13... dxe4 {[%clk 0:00:38.4]} 14. Nfd2 {[%clk 0:00:51.1]} 14... Qe8 {[%clk 0:00:36.6]} 15. O-O {[%clk 0:00:49.2]} 15... Nc6 {[%clk 0:00:31.3]} 16. Re1 {[%clk 0:00:48.4]} 16... Rd8 {[%clk 0:00:28.1]} 17. f3 {[%clk 0:00:46.5]} 17... e3 {[%clk 0:00:26.6]} 18. Ne4 {[%clk 0:00:45.1]} 18... Bxd4 {[%clk 0:00:21.1]} 19. cxd4 {[%clk 0:00:43.6]} 19... Nxd4 {[%clk 0:00:20.5]} 20. Rxe3 {[%clk 0:00:40.5]} 20... Nxf3+ {[%clk 0:00:19.6]} 21. Qxf3 {[%clk 0:00:38.7]} 21... Qxe4 {[%clk 0:00:16.7]} 22. Qxe4 {[%clk 0:00:37.4]} 22... Rd1+ {[%clk 0:00:16]} 23. Kf2 {[%clk 0:00:34.3]} 1-0
",60,1583106924,true,lBZJpx!TcD0KmuKDuD6Lgv9zkszGjzGPiyWOyGPWft89tLTCLCJCvl78eg5Qfe47nvCulCWBsBQBeuBvdv8CvC7dgn,ea39054c-5c17-11ea-8649-eb3d40010001,,5k1r/1pp2ppp/p7/P7/1P2QP2/4R2P/5KP1/RN1r4 b - -,bullet,chess,876,win,https://api.chess.com/pub/player/manishmundra,Manishmundra,9031dcf0-16b5-11e9-800a-000000000000,805,resigned,https://api.chess.com/pub/player/elitebarbs13,EliteBarbs13,d35dcd9c-9987-11e7-802c-000000000000,https://www.chess.com/openings/Queens-Pawn-Opening-1...d5,,
https://www.chess.com/game/live/4552421940,"[Event ""Live Chess""]
[Site ""Chess.com""]
[Date ""2020.03.02""]
[Round ""-""]
[White ""EliteBarbs13""]
[Black ""JohnRowe1""]
[Result ""1-0""]
[CurrentPosition ""8/1Q6/2N5/k7/7p/1PR4P/2PK2P1/8 b - -""]
[Timezone ""UTC""]
[ECO ""B32""]
[ECOUrl ""https://www.chess.com/openings/Sicilian-Defense-Open-Franco-Sicilian-Variation""]
[UTCDate ""2020.03.02""]
[UTCTime ""03:56:02""]
[WhiteElo ""1064""]
[BlackElo ""822""]
[TimeControl ""900+10""]
[Termination ""EliteBarbs13 won by checkmate""]
[StartTime ""03:56:02""]
[EndDate ""2020.03.02""]
[EndTime ""04:13:35""]
[Link ""https://www.chess.com/game/live/4552421940""]

1. e4 {[%clk 0:15:09.9]} 1... c5 {[%clk 0:15:08.9]} 2. Nf3 {[%clk 0:15:17.9]} 2... Nc6 {[%clk 0:14:31]} 3. d4 {[%clk 0:15:05]} 3... e6 {[%clk 0:14:02]} 4. d5 {[%clk 0:14:29.8]} 4... exd5 {[%clk 0:13:46.1]} 5. exd5 {[%clk 0:14:29.4]} 5... Qe7+ {[%clk 0:13:40.2]} 6. Qe2 {[%clk 0:14:26.3]} 6... Nd4 {[%clk 0:13:29]} 7. Qxe7+ {[%clk 0:14:30.6]} 7... Bxe7 {[%clk 0:13:34.5]} 8. Nxd4 {[%clk 0:14:35.5]} 8... cxd4 {[%clk 0:13:42.4]} 9. Bc4 {[%clk 0:14:41.9]} 9... Bb4+ {[%clk 0:13:39]} 10. Bd2 {[%clk 0:14:48.5]} 10... Bxd2+ {[%clk 0:13:47.5]} 11. Nxd2 {[%clk 0:14:57.4]} 11... a6 {[%clk 0:13:55.3]} 12. O-O {[%clk 0:15:00]} 12... d6 {[%clk 0:14:01.1]} 13. Ne4 {[%clk 0:14:54.6]} 13... b5 {[%clk 0:13:54.7]} 14. Bb3 {[%clk 0:14:26.7]} 14... Bf5 {[%clk 0:13:54.6]} 15. Nxd6+ {[%clk 0:14:33.5]} 15... Ke7 {[%clk 0:13:57.5]} 16. Nxf5+ {[%clk 0:14:42.2]} 16... Kd7 {[%clk 0:13:56.4]} 17. Rfe1 {[%clk 0:14:46.5]} 17... Nf6 {[%clk 0:13:59.8]} 18. Re7+ {[%clk 0:14:45.6]} 18... Kd8 {[%clk 0:13:58.7]} 19. Rxf7 {[%clk 0:14:48.4]} 19... Re8 {[%clk 0:14:05.7]} 20. Nxg7 {[%clk 0:14:45.1]} 20... Re7 {[%clk 0:14:11.3]} 21. Rf8+ {[%clk 0:14:46.8]} 21... Ne8 {[%clk 0:14:14.4]} 22. Ne6+ {[%clk 0:14:33]} 22... Kd7 {[%clk 0:14:17.6]} 23. Re1 {[%clk 0:14:35.1]} 23... Rc8 {[%clk 0:14:20]} 24. Kf1 {[%clk 0:13:32.6]} 24... Kd6 {[%clk 0:14:11.1]} 25. Nxd4 {[%clk 0:13:23.7]} 25... Rxe1+ {[%clk 0:14:11.6]} 26. Kxe1 {[%clk 0:13:32.2]} 26... a5 {[%clk 0:14:11.3]} 27. Nxb5+ {[%clk 0:13:34.7]} 27... Kc5 {[%clk 0:14:14.8]} 28. a4 {[%clk 0:13:41.8]} 28... Kb4 {[%clk 0:14:17.5]} 29. d6 {[%clk 0:13:37.1]} 29... Rd8 {[%clk 0:14:14.5]} 30. Be6 {[%clk 0:13:02.4]} 30... Kxa4 {[%clk 0:14:18.2]} 31. Nc7 {[%clk 0:13:03.1]} 31... Kb4 {[%clk 0:14:18]} 32. Nxe8 {[%clk 0:12:37.2]} 32... Kc5 {[%clk 0:14:22]} 33. d7 {[%clk 0:12:43.2]} 33... Kc6 {[%clk 0:14:20.6]} 34. f4 {[%clk 0:12:29.5]} 34... Rxd7 {[%clk 0:14:23.2]} 35. Bxd7+ {[%clk 0:12:35.4]} 35... Kxd7 {[%clk 0:14:31]} 36. Ng7 {[%clk 0:12:42.4]} 36... Ke7 {[%clk 0:14:36.1]} 37. Rf5 {[%clk 0:12:50.5]} 37... Kd6 {[%clk 0:14:42.7]} 38. Rxa5 {[%clk 0:12:57.5]} 38... Kc6 {[%clk 0:14:50.8]} 39. Nh5 {[%clk 0:13:00.1]} 39... Kb6 {[%clk 0:14:58.1]} 40. Re5 {[%clk 0:13:07.6]} 40... Kc6 {[%clk 0:15:06.7]} 41. f5 {[%clk 0:13:16.9]} 41... Kd6 {[%clk 0:15:14.7]} 42. Re6+ {[%clk 0:13:25.3]} 42... Kd7 {[%clk 0:15:21.2]} 43. Re2 {[%clk 0:13:33.1]} 43... Kd6 {[%clk 0:15:27.8]} 44. f6 {[%clk 0:13:42.5]} 44... Kd5 {[%clk 0:15:36.9]} 45. f7 {[%clk 0:13:52]} 45... Kd4 {[%clk 0:15:46.1]} 46. f8=Q {[%clk 0:14:01.5]} 46... Kc4 {[%clk 0:15:54.8]} 47. Re3 {[%clk 0:14:08.7]} 47... Kd4 {[%clk 0:16:03.1]} 48. Ke2 {[%clk 0:14:16.3]} 48... Kc4 {[%clk 0:16:11.5]} 49. Qd8 {[%clk 0:14:25.3]} 49... h6 {[%clk 0:16:19.5]} 50. Rc3+ {[%clk 0:14:31.1]} 50... Kb4 {[%clk 0:16:27]} 51. Qb8+ {[%clk 0:14:40.1]} 51... Ka4 {[%clk 0:16:34.9]} 52. Nf6 {[%clk 0:14:46.6]} 52... h5 {[%clk 0:16:41.7]} 53. Nd5 {[%clk 0:14:55.6]} 53... h4 {[%clk 0:16:50.8]} 54. h3 {[%clk 0:15:00.1]} 54... Ka5 {[%clk 0:16:57]} 55. Qb7 {[%clk 0:15:07.2]} 55... Ka4 {[%clk 0:17:05]} 56. Ne7 {[%clk 0:15:09.3]} 56... Ka5 {[%clk 0:17:13.2]} 57. Kd2 {[%clk 0:14:55.7]} 57... Ka4 {[%clk 0:17:19.9]} 58. b3+ {[%clk 0:14:56.6]} 58... Ka5 {[%clk 0:17:21.7]} 59. Nc6# {[%clk 0:15:05.5]} 1-0
",900+10,1583122415,true,mCYIgv5QlB0SBJSJCJ70dmQBm090vBIBfA0zclzlblWOegZRlCXHAr6LCR80RL0Zfe!Te0Z701?8L28019T82S7Zae46gfZRSB0efeOGBHRIiyIzJR67rSzyHYyzY8zIRZIQnD7ZSZQZ82Z09L0RLGRQ2NQPGKPQDLQRKSRZSmZRLTRJT1JB1~BAmuABemBA973VusAz75zyNTVNTJNFpxyG5XGyJ0yGmlGyjryG0Q,ba725e51-5c39-11ea-8649-eb3d40010001,,8/1Q6/2N5/k7/7p/1PR4P/2PK2P1/8 b - -,rapid,chess,1064,win,https://api.chess.com/pub/player/elitebarbs13,EliteBarbs13,d35dcd9c-9987-11e7-802c-000000000000,822,checkmated,https://api.chess.com/pub/player/johnrowe1,JohnRowe1,2774178a-35b5-11ea-955c-25b3271198ba,https://www.chess.com/openings/Sicilian-Defense-Open-Franco-Sicilian-Variation,,
https://www.chess.com/game/live/4554288815,"[Event ""Live Chess""]
[Site ""Chess.com""]
[Date ""2020.03.02""]
[Round ""-""]
[White ""FirstRays""]
[Black ""EliteBarbs13""]
[Result ""1-0""]
[CurrentPosition ""r6r/ppp3pp/2n3kn/2B1pb2/2B1N2P/2P5/P1P2PP1/2KR3R w - -""]
[Timezone ""UTC""]
[ECO ""C45""]
[ECOUrl ""https://www.chess.com/openings/Scotch-Game-3...d6""]
[UTCDate ""2020.03.02""]
[UTCTime ""18:14:59""]
[WhiteElo ""1042""]
[BlackElo ""1155""]
[TimeControl ""600""]
[Termination ""FirstRays won by resignation""]
[StartTime ""18:14:59""]
[EndDate ""2020.03.02""]
[EndTime ""18:22:02""]
[Link ""https://www.chess.com/game/live/4554288815""]

1. e4 {[%clk 0:09:59.9]} 1... e5 {[%clk 0:09:57.6]} 2. Nf3 {[%clk 0:09:58.7]} 2... Nc6 {[%clk 0:09:55.6]} 3. d4 {[%clk 0:09:57.7]} 3... d6 {[%clk 0:09:48.4]} 4. dxe5 {[%clk 0:09:55.7]} 4... dxe5 {[%clk 0:09:44.6]} 5. Qxd8+ {[%clk 0:09:53.9]} 5... Kxd8 {[%clk 0:09:42.8]} 6. Bc4 {[%clk 0:09:40.7]} 6... f5 {[%clk 0:09:35.4]} 7. Ng5 {[%clk 0:09:26]} 7... Nh6 {[%clk 0:08:48.3]} 8. Nc3 {[%clk 0:09:08.7]} 8... Bb4 {[%clk 0:08:01.9]} 9. Be3 {[%clk 0:08:49.6]} 9... Bxc3+ {[%clk 0:07:23.5]} 10. bxc3 {[%clk 0:08:48.2]} 10... fxe4 {[%clk 0:06:49.7]} 11. O-O-O+ {[%clk 0:08:46.7]} 11... Ke7 {[%clk 0:06:24.4]} 12. Bc5+ {[%clk 0:08:28.5]} 12... Kf6 {[%clk 0:06:18.9]} 13. Nxe4+ {[%clk 0:08:12.8]} 13... Kg6 {[%clk 0:05:59.2]} 14. h4 {[%clk 0:07:32.3]} 14... Bf5 {[%clk 0:05:40.5]} 1-0
",600,1583173322,true,mC0Kgv5QlBZRBKRKd787fA1LvM!Vbs9zcuzsjsLCec70uI0TMCTUpF6L,b422d657-5cb1-11ea-8649-eb3d40010001,,r6r/ppp3pp/2n3kn/2B1pb2/2B1N2P/2P5/P1P2PP1/2KR3R w - -,blitz,chess,1042,win,https://api.chess.com/pub/player/firstrays,FirstRays,6d7ba2ac-7081-11e8-8054-000000000000,1155,resigned,https://api.chess.com/pub/player/elitebarbs13,EliteBarbs13,d35dcd9c-9987-11e7-802c-000000000000,https://www.chess.com/openings/Scotch-Game-3...d6,,
https://www.chess.com/game/live/4554311672,"[Event ""Live Chess""]
[Site ""Chess.com""]
[Date ""2020.03.02""]
[Round ""-""]
[White ""stoogsy1""]
[Black ""EliteBarbs13""]
[Result ""1-0""]
[CurrentPosition ""rnbqk1Q1/pppp1p1p/6p1/2b5/2B1P3/8/PPPP1PPP/RNB1K1NR b KQkq -""]
[Timezone ""UTC""]
[ECO ""C20""]
[ECOUrl ""https://www.chess.com/openings/Bishops-Opening-Boi-Variation""]
[UTCDate ""2020.03.02""]
[UTCTime ""18:22:16""]
[WhiteElo ""1176""]
[BlackElo ""1142""]
[TimeControl ""300""]
[Termination ""stoogsy1 won by resignation""]
[StartTime ""18:22:16""]
[EndDate ""2020.03.02""]
[EndTime ""18:22:49""]
[Link ""https://www.chess.com/game/live/4554311672""]

1. e4 {[%clk 0:04:59.9]} 1... e5 {[%clk 0:04:59.9]} 2. Bc4 {[%clk 0:04:58.4]} 2... Bc5 {[%clk 0:04:58.3]} 3. Qh5 {[%clk 0:04:56.5]} 3... g6 {[%clk 0:04:46.8]} 4. Qxe5+ {[%clk 0:04:54.5]} 4... Ne7 {[%clk 0:04:45]} 5. Qxh8+ {[%clk 0:04:52.6]} 5... Ng8 {[%clk 0:04:42.7]} 6. Qxg8+ {[%clk 0:04:49.1]} 1-0
",300,1583173369,true,mC0KfA9IdN2UNK!0K?0!?!,bb72fab5-5cb2-11ea-8649-eb3d40010001,,rnbqk1Q1/pppp1p1p/6p1/2b5/2B1P3/8/PPPP1PPP/RNB1K1NR b KQkq -,blitz,chess,1176,win,https://api.chess.com/pub/player/stoogsy1,stoogsy1,02005bee-3027-11e7-803e-000000000000,1142,resigned,https://api.chess.com/pub/player/elitebarbs13,EliteBarbs13,d35dcd9c-9987-11e7-802c-000000000000,https://www.chess.com/openings/Bishops-Opening-Boi-Variation,,
https://www.chess.com/game/live/4554314738,"[Event ""Live Chess""]
[Site ""Chess.com""]
[Date ""2020.03.02""]
[Round ""-""]
[White ""EliteBarbs13""]
[Black ""nbella1414""]
[Result ""1-0""]
[CurrentPosition ""r1bk1b1r/1p1npBpp/p7/4p3/8/2N5/PPP2PPP/R1B1K2R b KQ -""]
[Timezone ""UTC""]
[ECO ""B50""]
[ECOUrl ""https://www.chess.com/openings/Sicilian-Defense-Anti-Qxd4-Move-Order-4.Nc3-cxd4-5.Qxd4-a6""]
[UTCDate ""2020.03.02""]
[UTCTime ""18:23:12""]
[WhiteElo ""1154""]
[BlackElo ""1119""]
[TimeControl ""300""]
[Termination ""EliteBarbs13 won by resignation""]
[StartTime ""18:23:12""]
[EndDate ""2020.03.02""]
[EndTime ""18:25:32""]
[Link ""https://www.chess.com/game/live/4554314738""]

1. e4 {[%clk 0:04:59.9]} 1... c5 {[%clk 0:04:57.6]} 2. Nf3 {[%clk 0:04:58.2]} 2... d6 {[%clk 0:04:54.6]} 3. d4 {[%clk 0:04:53.1]} 3... cxd4 {[%clk 0:04:51.5]} 4. Qxd4 {[%clk 0:04:49.2]} 4... Nf6 {[%clk 0:04:48.3]} 5. Nc3 {[%clk 0:04:45.5]} 5... a6 {[%clk 0:04:43.3]} 6. e5 {[%clk 0:04:43.9]} 6... Nc6 {[%clk 0:04:35.8]} 7. Qd2 {[%clk 0:04:03.8]} 7... Nxe5 {[%clk 0:04:30.3]} 8. Nxe5 {[%clk 0:04:01.7]} 8... dxe5 {[%clk 0:04:29.5]} 9. Qxd8+ {[%clk 0:04:00.2]} 9... Kxd8 {[%clk 0:04:27.7]} 10. Bc4 {[%clk 0:03:53.9]} 10... Nd7 {[%clk 0:04:22.9]} 11. Bxf7 {[%clk 0:03:41]} 1-0
",300,1583173532,true,mCYIgvZRlBIBdB!TbsWOCK5QBlQKvKRKl787fATZA1,dd48055e-5cb2-11ea-8649-eb3d40010001,,r1bk1b1r/1p1npBpp/p7/4p3/8/2N5/PPP2PPP/R1B1K2R b KQ -,blitz,chess,1154,win,https://api.chess.com/pub/player/elitebarbs13,EliteBarbs13,d35dcd9c-9987-11e7-802c-000000000000,1119,resigned,https://api.chess.com/pub/player/nbella1414,nbella1414,4619772c-f000-11e2-8056-000000000000,https://www.chess.com/openings/Sicilian-Defense-Anti-Qxd4-Move-Order-4.Nc3-cxd4-5.Qxd4-a6,,
https://www.chess.com/game/live/4554334106,"[Event ""Live Chess""]
[Site ""Chess.com""]
[Date ""2020.03.02""]
[Round ""-""]
[White ""rslep""]
[Black ""EliteBarbs13""]
[Result ""1-0""]
[CurrentPosition ""8/2k5/p4P2/7p/1P6/3R2P1/PKP3r1/8 b - -""]
[Timezone ""UTC""]
[ECO ""B30""]
[ECOUrl ""https://www.chess.com/openings/Sicilian-Defense-Nyezhmetdinov-Rossolimo-Attack-3...a6-4.Bxc6-bxc6""]
[UTCDate ""2020.03.02""]
[UTCTime ""18:29:35""]
[WhiteElo ""885""]
[BlackElo ""1154""]
[TimeControl ""300""]
[Termination ""rslep won by resignation""]
[StartTime ""18:29:35""]
[EndDate ""2020.03.02""]
[EndTime ""18:34:15""]
[Link ""https://www.chess.com/game/live/4554334106""]

1. e4 {[%clk 0:04:59.9]} 1... c5 {[%clk 0:04:57]} 2. Bb5 {[%clk 0:04:54.1]} 2... Nc6 {[%clk 0:04:52.7]} 3. Nf3 {[%clk 0:04:54]} 3... a6 {[%clk 0:04:48.6]} 4. Bxc6 {[%clk 0:04:53.9]} 4... bxc6 {[%clk 0:04:46]} 5. d4 {[%clk 0:04:53.8]} 5... d5 {[%clk 0:04:44.1]} 6. Nc3 {[%clk 0:04:53.7]} 6... e6 {[%clk 0:04:31.2]} 7. dxc5 {[%clk 0:04:53.1]} 7... Bxc5 {[%clk 0:04:26.5]} 8. Be3 {[%clk 0:04:52]} 8... d4 {[%clk 0:04:13.2]} 9. Nxd4 {[%clk 0:04:46.5]} 9... Bxd4 {[%clk 0:03:59.7]} 10. Bxd4 {[%clk 0:04:42.1]} 10... Nf6 {[%clk 0:03:51.2]} 11. Bxf6 {[%clk 0:04:38.7]} 11... gxf6 {[%clk 0:03:49.5]} 12. Qxd8+ {[%clk 0:04:38]} 12... Kxd8 {[%clk 0:03:48.6]} 13. O-O-O+ {[%clk 0:04:37.2]} 13... Kc7 {[%clk 0:03:45.4]} 14. f4 {[%clk 0:04:33.9]} 14... Rg8 {[%clk 0:03:43.1]} 15. g3 {[%clk 0:04:31.9]} 15... Bb7 {[%clk 0:03:40.3]} 16. e5 {[%clk 0:04:28.5]} 16... c5 {[%clk 0:03:36.2]} 17. Rhe1 {[%clk 0:04:26.4]} 17... fxe5 {[%clk 0:03:25.6]} 18. Rxe5 {[%clk 0:04:23.1]} 18... Rad8 {[%clk 0:03:08.5]} 19. Rxc5+ {[%clk 0:04:19.4]} 19... Kb6 {[%clk 0:03:04.7]} 20. Na4+ {[%clk 0:04:11]} 20... Ka7 {[%clk 0:02:59.1]} 21. Rxd8 {[%clk 0:04:04.3]} 21... Rxd8 {[%clk 0:02:57.9]} 22. Rc7 {[%clk 0:04:02.6]} 22... Kb8 {[%clk 0:02:51.6]} 23. Rxf7 {[%clk 0:03:55.6]} 23... Bf3 {[%clk 0:02:49.6]} 24. b4 {[%clk 0:03:40.3]} 24... Rd1+ {[%clk 0:02:48.2]} 25. Kb2 {[%clk 0:03:39.3]} 25... Bd5 {[%clk 0:02:42.8]} 26. Nc3 {[%clk 0:03:26.7]} 26... Rh1 {[%clk 0:02:37.2]} 27. Nxd5 {[%clk 0:03:24.8]} 27... exd5 {[%clk 0:02:36.1]} 28. Rd7 {[%clk 0:03:24.1]} 28... Rxh2 {[%clk 0:02:34.4]} 29. Rxd5 {[%clk 0:03:23.4]} 29... Rg2 {[%clk 0:02:33.2]} 30. Rd3 {[%clk 0:03:19.7]} 30... h5 {[%clk 0:02:31.5]} 31. f5 {[%clk 0:03:14.7]} 31... Kc7 {[%clk 0:02:29.9]} 32. f6 {[%clk 0:03:07.2]} 1-0
",300,1583174055,false,mCYIfH5QgvWOHQXQlBZJbs0SBI9IcuJBvBIBuB!TBT2Td787ec7YnD?!ow6XCKQIheTKeK47KIYPsyPWd7!7IYW5Y1Xvjz7dcjvJysdhsJSJ1ZhpZJpoJt3NDL5YLT,ba0dcfd6-5cb3-11ea-8649-eb3d40010001,,8/2k5/p4P2/7p/1P6/3R2P1/PKP3r1/8 b - -,blitz,chess,885,win,https://api.chess.com/pub/player/rslep,rslep,793ce13c-f713-11e8-8024-000000000000,1154,resigned,https://api.chess.com/pub/player/elitebarbs13,EliteBarbs13,d35dcd9c-9987-11e7-802c-000000000000,https://www.chess.com/openings/Sicilian-Defense-Nyezhmetdinov-Rossolimo-Attack-3...a6-4.Bxc6-bxc6,,
https://www.chess.com/game/live/4555300679,"[Event ""Live Chess""]
[Site ""Chess.com""]
[Date ""2020.03.03""]
[Round ""-""]
[White ""EliteBarbs13""]
[Black ""cheppy18""]
[Result ""0-1""]
[CurrentPosition ""r3kb1r/pp1q1ppp/4pn2/1N2p3/8/2N5/PPP2PPP/R1B2RK1 b kq -""]
[Timezone ""UTC""]
[ECO ""B50""]
[ECOUrl ""https://www.chess.com/openings/Sicilian-Defense-Anti-Qxd4-Move-Order...5.Qxd4-Nc6-6.Bb5-Bd7""]
[UTCDate ""2020.03.03""]
[UTCTime ""00:23:41""]
[WhiteElo ""1142""]
[BlackElo ""1180""]
[TimeControl ""600""]
[Termination ""cheppy18 won by resignation""]
[StartTime ""00:23:41""]
[EndDate ""2020.03.03""]
[EndTime ""00:26:35""]
[Link ""https://www.chess.com/game/live/4555300679""]

1. e4 {[%clk 0:09:59.9]} 1... c5 {[%clk 0:09:58.2]} 2. Nf3 {[%clk 0:09:58.4]} 2... d6 {[%clk 0:09:57.4]} 3. d4 {[%clk 0:09:30]} 3... cxd4 {[%clk 0:09:55.4]} 4. Qxd4 {[%clk 0:09:12.5]} 4... Nc6 {[%clk 0:09:52.4]} 5. Bb5 {[%clk 0:09:11]} 5... Nf6 {[%clk 0:09:45.7]} 6. Nc3 {[%clk 0:08:33.8]} 6... Bd7 {[%clk 0:09:43]} 7. e5 {[%clk 0:08:24.7]} 7... Nxd4 {[%clk 0:09:40.4]} 8. Nxd4 {[%clk 0:08:04.8]} 8... dxe5 {[%clk 0:09:34.3]} 9. Bxd7+ {[%clk 0:07:59.8]} 9... Qxd7 {[%clk 0:09:31.6]} 10. Ndb5 {[%clk 0:07:58.8]} 10... e6 {[%clk 0:09:26.9]} 11. O-O {[%clk 0:07:53.9]} 0-1
",600,1583195195,true,mCYIgvZRlBIBdB5QfH!Tbs6ZCKQBvBRKHZ7ZBH0Seg,36ff2bfc-5ce5-11ea-8649-eb3d40010001,,r3kb1r/pp1q1ppp/4pn2/1N2p3/8/2N5/PPP2PPP/R1B2RK1 b kq -,blitz,chess,1142,resigned,https://api.chess.com/pub/player/elitebarbs13,EliteBarbs13,d35dcd9c-9987-11e7-802c-000000000000,1180,win,https://api.chess.com/pub/player/cheppy18,cheppy18,63800bac-c766-11e9-85e0-19e1fcaf1e1e,https://www.chess.com/openings/Sicilian-Defense-Anti-Qxd4-Move-Order...5.Qxd4-Nc6-6.Bb5-Bd7,,
https://www.chess.com/game/live/4555306833,"[Event ""Live Chess""]
[Site ""Chess.com""]
[Date ""2020.03.03""]
[Round ""-""]
[White ""EliteBarbs13""]
[Black ""ArtB10""]
[Result ""0-1""]
[CurrentPosition ""8/8/7k/5Q1p/1r6/r3K3/8/8 w - -""]
[Timezone ""UTC""]
[ECO ""C41""]
[ECOUrl ""https://www.chess.com/openings/Philidor-Defense-Exchange-Variation-4.Qxd4""]
[UTCDate ""2020.03.03""]
[UTCTime ""00:26:57""]
[WhiteElo ""1129""]
[BlackElo ""1121""]
[TimeControl ""600""]
[Termination ""ArtB10 won on time""]
[StartTime ""00:26:57""]
[EndDate ""2020.03.03""]
[EndTime ""00:46:07""]
[Link ""https://www.chess.com/game/live/4555306833""]

1. e4 {[%clk 0:09:59.9]} 1... e5 {[%clk 0:09:59.8]} 2. Nf3 {[%clk 0:09:58.8]} 2... d6 {[%clk 0:09:55.7]} 3. d4 {[%clk 0:09:37]} 3... exd4 {[%clk 0:09:52.4]} 4. Qxd4 {[%clk 0:09:34.2]} 4... Be6 {[%clk 0:09:45]} 5. Nc3 {[%clk 0:09:21.1]} 5... a6 {[%clk 0:09:42]} 6. Bf4 {[%clk 0:09:16.4]} 6... Nc6 {[%clk 0:09:32.9]} 7. Qd3 {[%clk 0:08:58.8]} 7... Qf6 {[%clk 0:09:16.3]} 8. O-O-O {[%clk 0:08:47.1]} 8... Qxf4+ {[%clk 0:09:13.2]} 9. Kb1 {[%clk 0:08:25.5]} 9... Nh6 {[%clk 0:08:59.4]} 10. g3 {[%clk 0:08:07.4]} 10... Qf6 {[%clk 0:08:53]} 11. Bg2 {[%clk 0:07:52.5]} 11... Ng4 {[%clk 0:08:48.3]} 12. Rhf1 {[%clk 0:07:37.7]} 12... Nce5 {[%clk 0:08:33.9]} 13. Nxe5 {[%clk 0:07:18.2]} 13... Qxe5 {[%clk 0:08:29.3]} 14. Bh3 {[%clk 0:07:05.8]} 14... Nxh2 {[%clk 0:08:24.1]} 15. Rfe1 {[%clk 0:07:02.5]} 15... Bxh3 {[%clk 0:08:18]} 16. f4 {[%clk 0:06:56.9]} 16... Qf6 {[%clk 0:08:08.2]} 17. Nd5 {[%clk 0:06:55.1]} 17... Qd8 {[%clk 0:07:54.2]} 18. Rh1 {[%clk 0:06:43.2]} 18... Be6 {[%clk 0:07:44.2]} 19. Rxh2 {[%clk 0:06:38.2]} 19... Bxd5 {[%clk 0:07:32.5]} 20. Qxd5 {[%clk 0:06:15.8]} 20... c6 {[%clk 0:07:24.5]} 21. Qd3 {[%clk 0:06:07.7]} 21... d5 {[%clk 0:07:18.4]} 22. exd5 {[%clk 0:06:06]} 22... Qxd5 {[%clk 0:07:05.3]} 23. Re2+ {[%clk 0:05:50.7]} 23... Be7 {[%clk 0:06:56.9]} 24. Rxe7+ {[%clk 0:05:25]} 24... Kxe7 {[%clk 0:06:50.6]} 25. Qe2+ {[%clk 0:05:23.5]} 25... Qe6 {[%clk 0:06:45.6]} 26. Qf1 {[%clk 0:05:03.4]} 26... Rhd8 {[%clk 0:06:38.8]} 27. Re1 {[%clk 0:05:01.7]} 27... Qxe1+ {[%clk 0:06:26.2]} 28. Qxe1+ {[%clk 0:05:00.1]} 28... Kf8 {[%clk 0:06:24.5]} 29. Qb4+ {[%clk 0:04:24.6]} 29... Kg8 {[%clk 0:06:16.8]} 30. a3 {[%clk 0:04:20.5]} 30... b5 {[%clk 0:06:08]} 31. g4 {[%clk 0:03:58.8]} 31... Rdc8 {[%clk 0:06:03.3]} 32. f5 {[%clk 0:03:40.7]} 32... c5 {[%clk 0:05:44.7]} 33. Qf4 {[%clk 0:03:35.9]} 33... f6 {[%clk 0:05:32.7]} 34. g5 {[%clk 0:03:34]} 34... fxg5 {[%clk 0:05:27.7]} 35. Qxg5 {[%clk 0:03:33]} 35... a5 {[%clk 0:05:18.8]} 36. f6 {[%clk 0:03:28.7]} 36... Ra7 {[%clk 0:05:03.4]} 37. Qd5+ {[%clk 0:02:37.2]} 37... Rf7 {[%clk 0:04:49.2]} 38. fxg7 {[%clk 0:02:28.8]} 38... Kxg7 {[%clk 0:04:40.1]} 39. Qg5+ {[%clk 0:02:19.2]} 39... Kh8 {[%clk 0:04:32.4]} 40. Ka2 {[%clk 0:02:07]} 40... b4 {[%clk 0:04:17.6]} 41. axb4 {[%clk 0:02:05.1]} 41... axb4 {[%clk 0:04:13]} 42. Kb3 {[%clk 0:01:07.2]} 42... Rg7 {[%clk 0:04:03.8]} 43. Qe5 {[%clk 0:01:04]} 43... h6 {[%clk 0:03:45.7]} 44. Kc4 {[%clk 0:00:58.7]} 44... Rg8 {[%clk 0:03:31.7]} 45. Kxc5 {[%clk 0:00:44.3]} 45... Rc8+ {[%clk 0:03:23]} 46. Kxb4 {[%clk 0:00:42.7]} 46... Rxc2 {[%clk 0:03:13.3]} 47. Ka3 {[%clk 0:00:37.2]} 47... Rg2 {[%clk 0:03:03.9]} 48. b4 {[%clk 0:00:33.8]} 48... Kh7 {[%clk 0:02:57.7]} 49. Qe4+ {[%clk 0:00:30.5]} 49... R2g6 {[%clk 0:02:52.4]} 50. b5 {[%clk 0:00:27.3]} 50... h5 {[%clk 0:02:43.4]} 51. b6 {[%clk 0:00:25.2]} 51... Kh8 {[%clk 0:02:36.1]} 52. Qd4 {[%clk 0:00:20.6]} 52... Rg4 {[%clk 0:02:11.3]} 53. Qe5 {[%clk 0:00:16.7]} 53... Rg5 {[%clk 0:02:08.3]} 54. Qf6 {[%clk 0:00:14.6]} 54... Rg6 {[%clk 0:02:02.6]} 55. Qf8+ {[%clk 0:00:13.7]} 55... Kh7 {[%clk 0:02:00.9]} 56. b7 {[%clk 0:00:12.3]} 56... Ra6+ {[%clk 0:01:51.4]} 57. Kb4 {[%clk 0:00:08.8]} 57... Rxb7+ {[%clk 0:01:48.5]} 58. Kc5 {[%clk 0:00:01.9]} 58... Rbb6 {[%clk 0:01:36.5]} 59. Qf5+ {[%clk 0:00:01.8]} 59... Kh6 {[%clk 0:01:32.9]} 60. Kd4 {[%clk 0:00:00.7]} 60... Rb4+ {[%clk 0:01:24.3]} 61. Ke3 {[%clk 0:00:00.6]} 61... Ra3+ {[%clk 0:01:21.2]} 0-1
",600,1583196367,true,mC0KgvZRlBKBdB6SbsWOcD5QBt7TecTDcb!VowDTfoVEhfQKvKTKoxEpfeSxnDKTsJT7ehxShpSJtJYQJtRJCJ7Jpm90m080tmJSmf?7deSefe09ez9!iqXHwE76DLQIzD1TEMTMDMOGLT4WMJW1T2!2JM2?biHzqzGzir12MK3VrA6!AI!6Iz6kzqkojz?3KCoUzHVNHP3?CBUEBKEMKTMUT9?3PXUOqz2XzIXP9L3VIBPzBuOq,a671987d-5ce5-11ea-8649-eb3d40010001,,8/8/7k/5Q1p/1r6/r3K3/8/8 w - -,blitz,chess,1129,timeout,https://api.chess.com/pub/player/elitebarbs13,EliteBarbs13,d35dcd9c-9987-11e7-802c-000000000000,1121,win,https://api.chess.com/pub/player/artb10,ArtB10,169a5838-3110-11ea-8750-c30691ce4913,https://www.chess.com/openings/Philidor-Defense-Exchange-Variation-4.Qxd4,80.2,76.4
https://www.chess.com/game/live/4566952914,"[Event ""Live Chess""]
[Site ""Chess.com""]
[Date ""2020.03.06""]
[Round ""-""]
[White ""EliteBarbs13""]
[Black ""rslep""]
[Result ""1/2-1/2""]
[CurrentPosition ""r6r/pR2kppp/p2b1q2/2pQp3/4P3/P4N2/2P2PPP/5RK1 b - -""]
[Timezone ""UTC""]
[ECO ""C45""]
[ECOUrl ""https://www.chess.com/openings/Scotch-Game-3...d6""]
[UTCDate ""2020.03.06""]
[UTCTime ""15:02:19""]
[WhiteElo ""1122""]
[BlackElo ""881""]
[TimeControl ""300""]
[Termination ""Game drawn by agreement""]
[StartTime ""15:02:19""]
[EndDate ""2020.03.06""]
[EndTime ""15:06:51""]
[Link ""https://www.chess.com/game/live/4566952914""]

1. e4 {[%clk 0:04:59.9]} 1... e5 {[%clk 0:04:59.5]} 2. Nf3 {[%clk 0:04:57.9]} 2... Nc6 {[%clk 0:04:57.3]} 3. d4 {[%clk 0:04:56.6]} 3... d6 {[%clk 0:04:50.9]} 4. d5 {[%clk 0:04:53.7]} 4... Nb4 {[%clk 0:04:44.6]} 5. a3 {[%clk 0:04:44.8]} 5... Na6 {[%clk 0:04:43.1]} 6. Bxa6 {[%clk 0:04:42.6]} 6... bxa6 {[%clk 0:04:41.7]} 7. Nc3 {[%clk 0:04:31.2]} 7... Nf6 {[%clk 0:04:38.3]} 8. O-O {[%clk 0:04:26.7]} 8... Bb7 {[%clk 0:04:30.6]} 9. Bg5 {[%clk 0:04:24.5]} 9... c6 {[%clk 0:04:28.4]} 10. Bxf6 {[%clk 0:04:20.1]} 10... Qxf6 {[%clk 0:04:23.9]} 11. b4 {[%clk 0:04:04.5]} 11... c5 {[%clk 0:04:19.5]} 12. bxc5 {[%clk 0:03:55.7]} 12... dxc5 {[%clk 0:04:17.7]} 13. d6 {[%clk 0:03:54.7]} 13... Bxd6 {[%clk 0:04:08.7]} 14. Nd5 {[%clk 0:03:52]} 14... Bxd5 {[%clk 0:04:01.7]} 15. Qxd5 {[%clk 0:03:50.9]} 15... Kf8 {[%clk 0:03:58]} 16. Rab1 {[%clk 0:03:22.2]} 16... Ke7 {[%clk 0:03:57.1]} 17. Rb7+ {[%clk 0:03:12]} 1/2-1/2
",300,1583507211,true,mC0Kgv5QlBZRBJQziqzOfOXObs!Teg6XcMYQMT7TjzQIzIRIJR9RsJXJdJ89ab90bX,74bd7da2-5fbb-11ea-95ff-eb3d40010001,,r6r/pR2kppp/p2b1q2/2pQp3/4P3/P4N2/2P2PPP/5RK1 b - -,blitz,chess,1122,agreed,https://api.chess.com/pub/player/elitebarbs13,EliteBarbs13,d35dcd9c-9987-11e7-802c-000000000000,881,agreed,https://api.chess.com/pub/player/rslep,rslep,793ce13c-f713-11e8-8024-000000000000,https://www.chess.com/openings/Scotch-Game-3...d6,,
https://www.chess.com/game/live/4566967090,"[Event ""Live Chess""]
[Site ""Chess.com""]
[Date ""2020.03.06""]
[Round ""-""]
[White ""EliteBarbs13""]
[Black ""MadixieNormous""]
[Result ""0-1""]
[CurrentPosition ""r4rk1/ppp2ppp/5n2/2bq1n1Q/7N/2P5/PP1P1PPP/R1B1K2R w KQ -""]
[Timezone ""UTC""]
[ECO ""B01""]
[ECOUrl ""https://www.chess.com/openings/Scandinavian-Defense-Closed-Grunfeld-Defense""]
[UTCDate ""2020.03.06""]
[UTCTime ""15:07:20""]
[WhiteElo ""1109""]
[BlackElo ""1097""]
[TimeControl ""180""]
[Termination ""MadixieNormous won by resignation""]
[StartTime ""15:07:20""]
[EndDate ""2020.03.06""]
[EndTime ""15:09:45""]
[Link ""https://www.chess.com/game/live/4566967090""]

1. e4 {[%clk 0:02:59.9]} 1... d5 {[%clk 0:02:59.9]} 2. Nc3 {[%clk 0:02:55.4]} 2... dxe4 {[%clk 0:02:58.1]} 3. Nxe4 {[%clk 0:02:54.4]} 3... e5 {[%clk 0:02:53.6]} 4. Nf3 {[%clk 0:02:52.8]} 4... Bf5 {[%clk 0:02:52]} 5. Bd3 {[%clk 0:02:50.5]} 5... Nc6 {[%clk 0:02:47.8]} 6. Nc5 {[%clk 0:02:46.5]} 6... e4 {[%clk 0:02:34.8]} 7. Nxe4 {[%clk 0:02:42.5]} 7... Bxe4 {[%clk 0:02:31.4]} 8. Bxe4 {[%clk 0:02:41.5]} 8... Bc5 {[%clk 0:02:25.6]} 9. c3 {[%clk 0:02:35.2]} 9... Nf6 {[%clk 0:02:24.3]} 10. Bf5 {[%clk 0:02:30.1]} 10... Ne7 {[%clk 0:02:12.2]} 11. Qe2 {[%clk 0:02:12]} 11... O-O {[%clk 0:02:09.8]} 12. Nh4 {[%clk 0:01:57.9]} 12... Qd5 {[%clk 0:02:02.1]} 13. Qh5 {[%clk 0:01:44.9]} 13... Nxf5 {[%clk 0:01:58.4]} 0-1
",180,1583507385,true,mCZJbsJCsC0Kgv6Lft5QCIKCICLCtC9Iks!TCLQ0dm8!vF7JmN0L,28ffbbcc-5fbc-11ea-95ff-eb3d40010001,,r4rk1/ppp2ppp/5n2/2bq1n1Q/7N/2P5/PP1P1PPP/R1B1K2R w KQ -,blitz,chess,1109,resigned,https://api.chess.com/pub/player/elitebarbs13,EliteBarbs13,d35dcd9c-9987-11e7-802c-000000000000,1097,win,https://api.chess.com/pub/player/madixienormous,MadixieNormous,061a7ac8-b539-11e8-8052-000000000000,https://www.chess.com/openings/Scandinavian-Defense-Closed-Grunfeld-Defense,,
https://www.chess.com/game/live/4566976325,"[Event ""Live Chess""]
[Site ""Chess.com""]
[Date ""2020.03.06""]
[Round ""-""]
[White ""rslep""]
[Black ""EliteBarbs13""]
[Result ""1-0""]
[CurrentPosition ""7N/7k/8/8/4Q3/2N5/1P5P/3K4 b - -""]
[Timezone ""UTC""]
[ECO ""C54""]
[ECOUrl ""https://www.chess.com/openings/Giuoco-Piano-Game-Center-Attack-Mason-Gambit-6...Nxe4-7.cxd4-d5""]
[UTCDate ""2020.03.06""]
[UTCTime ""15:10:55""]
[WhiteElo ""1006""]
[BlackElo ""805""]
[TimeControl ""120+1""]
[Termination ""rslep won by resignation""]
[StartTime ""15:10:55""]
[EndDate ""2020.03.06""]
[EndTime ""15:14:18""]
[Link ""https://www.chess.com/game/live/4566976325""]

1. e4 {[%clk 0:02:00.9]} 1... e5 {[%clk 0:02:00.7]} 2. Nf3 {[%clk 0:02:00.9]} 2... Nc6 {[%clk 0:02:00.9]} 3. c3 {[%clk 0:02:01.8]} 3... Nf6 {[%clk 0:02:00.7]} 4. d4 {[%clk 0:02:02.7]} 4... exd4 {[%clk 0:02:00.6]} 5. Bc4 {[%clk 0:02:03.6]} 5... Bc5 {[%clk 0:02:00.5]} 6. O-O {[%clk 0:02:02.7]} 6... Nxe4 {[%clk 0:01:59.7]} 7. cxd4 {[%clk 0:01:58.9]} 7... d5 {[%clk 0:01:58.8]} 8. Bb5 {[%clk 0:01:56.5]} 8... O-O {[%clk 0:01:57.1]} 9. Bxc6 {[%clk 0:01:56.6]} 9... bxc6 {[%clk 0:01:56.7]} 10. dxc5 {[%clk 0:01:53.4]} 10... Qf6 {[%clk 0:01:52.2]} 11. Nc3 {[%clk 0:01:50.8]} 11... Qg6 {[%clk 0:01:52]} 12. Nxe4 {[%clk 0:01:50.5]} 12... Bh3 {[%clk 0:01:43.8]} 13. Ng3 {[%clk 0:01:48.2]} 13... Rfe8 {[%clk 0:01:42.8]} 14. gxh3 {[%clk 0:01:46.6]} 14... Qh5 {[%clk 0:01:35.6]} 15. Nxh5 {[%clk 0:01:45.9]} 15... Re7 {[%clk 0:01:35.7]} 16. Re1 {[%clk 0:01:46.5]} 16... Rae8 {[%clk 0:01:36.4]} 17. Rxe7 {[%clk 0:01:46.6]} 17... Rxe7 {[%clk 0:01:36.9]} 18. Qe1 {[%clk 0:01:47.1]} 18... g6 {[%clk 0:01:37.8]} 19. Qxe7 {[%clk 0:01:46.8]} 19... gxh5 {[%clk 0:01:38]} 20. Qe8+ {[%clk 0:01:46.6]} 20... Kg7 {[%clk 0:01:38.1]} 21. Qe5+ {[%clk 0:01:46.8]} 21... f6 {[%clk 0:01:37.8]} 22. Qxh5 {[%clk 0:01:46.8]} 22... Kf8 {[%clk 0:01:38.7]} 23. Qxh7 {[%clk 0:01:46.7]} 23... Ke8 {[%clk 0:01:38.4]} 24. Qh8+ {[%clk 0:01:47.2]} 24... Kf7 {[%clk 0:01:38.4]} 25. Ng5+ {[%clk 0:01:46]} 25... Kg6 {[%clk 0:01:37.9]} 26. Qxf6+ {[%clk 0:01:42.6]} 26... Kxf6 {[%clk 0:01:37.2]} 27. Nf3 {[%clk 0:01:41.6]} 27... d4 {[%clk 0:01:36.7]} 28. Nxd4 {[%clk 0:01:41.5]} 28... Ke5 {[%clk 0:01:35.7]} 29. Nxc6+ {[%clk 0:01:41.9]} 29... Kd5 {[%clk 0:01:35.8]} 30. Be3 {[%clk 0:01:42]} 30... Kxc6 {[%clk 0:01:35.2]} 31. Rd1 {[%clk 0:01:41.2]} 31... a5 {[%clk 0:01:35.4]} 32. a3 {[%clk 0:01:40.3]} 32... Kb5 {[%clk 0:01:36.3]} 33. Rd7 {[%clk 0:01:38.3]} 33... c6 {[%clk 0:01:36.7]} 34. Rc7 {[%clk 0:01:37.8]} 34... a4 {[%clk 0:01:36.1]} 35. Rxc6 {[%clk 0:01:38.2]} 35... Kxc6 {[%clk 0:01:36.4]} 36. Kf1 {[%clk 0:01:38.7]} 36... Kb5 {[%clk 0:01:36.5]} 37. Ke1 {[%clk 0:01:39.2]} 37... Kc4 {[%clk 0:01:37]} 38. Kd2 {[%clk 0:01:39.7]} 38... Kb3 {[%clk 0:01:37.5]} 39. Kc1 {[%clk 0:01:39.4]} 39... Kc4 {[%clk 0:01:36.8]} 40. c6 {[%clk 0:01:39.6]} 40... Kb5 {[%clk 0:01:36.4]} 41. c7 {[%clk 0:01:40]} 41... Kc6 {[%clk 0:01:36.2]} 42. c8=N {[%clk 0:01:40.3]} 42... Kd7 {[%clk 0:01:36.8]} 43. Nb6+ {[%clk 0:01:40.6]} 43... Kc6 {[%clk 0:01:37.1]} 44. Nxa4 {[%clk 0:01:40.9]} 44... Kb5 {[%clk 0:01:37.5]} 45. Nc3+ {[%clk 0:01:40.7]} 45... Kc4 {[%clk 0:01:37.8]} 46. h4 {[%clk 0:01:41.3]} 46... Kd3 {[%clk 0:01:34.4]} 47. Kd1 {[%clk 0:01:41.7]} 47... Kc4 {[%clk 0:01:33]} 48. h5 {[%clk 0:01:42.6]} 48... Kd3 {[%clk 0:01:28.3]} 49. h6 {[%clk 0:01:43.5]} 49... Kc4 {[%clk 0:01:27.8]} 50. h7 {[%clk 0:01:44.4]} 50... Kd3 {[%clk 0:01:28.2]} 51. h8=N {[%clk 0:01:45.3]} 51... Kc4 {[%clk 0:01:28.4]} 52. f4 {[%clk 0:01:46.2]} 52... Kd3 {[%clk 0:01:28.5]} 53. f5 {[%clk 0:01:47.1]} 53... Kxe3 {[%clk 0:01:29]} 54. f6 {[%clk 0:01:46.9]} 54... Kf4 {[%clk 0:01:28.3]} 55. f7 {[%clk 0:01:47.1]} 55... Kf5 {[%clk 0:01:28.6]} 56. f8=N {[%clk 0:01:46.9]} 56... Kg5 {[%clk 0:01:29.5]} 57. a4 {[%clk 0:01:45.7]} 57... Kh6 {[%clk 0:01:30.4]} 58. a5 {[%clk 0:01:45.8]} 58... Kg7 {[%clk 0:01:30.5]} 59. a6 {[%clk 0:01:44.8]} 59... Kxf8 {[%clk 0:01:30.2]} 60. a7 {[%clk 0:01:45.2]} 60... Kg8 {[%clk 0:01:30.7]} 61. a8=Q+ {[%clk 0:01:45.7]} 61... Kh7 {[%clk 0:01:30.6]} 62. Qe4+ {[%clk 0:01:44.6]} 1-0
",120+1,1583507658,false,mC0Kgv5Qks!TlBKBfA9IegTCsBZJAH8!HQXQBI7TbsTUsC6xCw98oxUNwN80fe48e080de2Ue0UN08!28K1TKN29N3983?81vM1U?TUTMvJBvBTKBQKJcuJQadWGiqQHdZYQZYGyYQHQgfQHfeHAelArlcrAIQAHQYHQY^QZ6PZQPyQHysHAxFAtcdtAFNAtNVtAV3At3^tAnDAtDLtuLTuDT1DL1^LMqyMVyGV2GO29OW9!W~!34C,9c76e77f-5fbc-11ea-95ff-eb3d40010001,,7N/7k/8/8/4Q3/2N5/1P5P/3K4 b - -,bullet,chess,1006,win,https://api.chess.com/pub/player/rslep,rslep,793ce13c-f713-11e8-8024-000000000000,805,resigned,https://api.chess.com/pub/player/elitebarbs13,EliteBarbs13,d35dcd9c-9987-11e7-802c-000000000000,https://www.chess.com/openings/Giuoco-Piano-Game-Center-Attack-Mason-Gambit-6...Nxe4-7.cxd4-d5,,
https://www.chess.com/game/live/4573745335,"[Event ""Live Chess""]
[Site ""Chess.com""]
[Date ""2020.03.08""]
[Round ""-""]
[White ""anaadam""]
[Black ""EliteBarbs13""]
[Result ""0-1""]
[CurrentPosition ""5rk1/1N3pp1/p6p/6q1/4Pn2/1P4Q1/P4PPP/3b2K1 w - -""]
[Timezone ""UTC""]
[ECO ""C20""]
[ECOUrl ""https://www.chess.com/openings/Bishops-Opening-Boi-Variation""]
[UTCDate ""2020.03.08""]
[UTCTime ""15:57:06""]
[WhiteElo ""1072""]
[BlackElo ""1119""]
[TimeControl ""300+5""]
[Termination ""EliteBarbs13 won by resignation""]
[StartTime ""15:57:06""]
[EndDate ""2020.03.08""]
[EndTime ""16:10:22""]
[Link ""https://www.chess.com/game/live/4573745335""]

1. e4 {[%clk 0:05:04.8]} 1... e5 {[%clk 0:05:04.2]} 2. Bc4 {[%clk 0:05:06.3]} 2... Bc5 {[%clk 0:05:08.1]} 3. Qh5 {[%clk 0:05:09.4]} 3... Qf6 {[%clk 0:05:05.9]} 4. Nf3 {[%clk 0:05:07]} 4... Ne7 {[%clk 0:05:03]} 5. d3 {[%clk 0:05:08]} 5... O-O {[%clk 0:05:05.4]} 6. Ng5 {[%clk 0:04:58.6]} 6... h6 {[%clk 0:03:52.9]} 7. Nf3 {[%clk 0:04:49.7]} 7... c6 {[%clk 0:03:32.9]} 8. Qg4 {[%clk 0:04:47.7]} 8... d5 {[%clk 0:03:17.8]} 9. Qg3 {[%clk 0:04:25.6]} 9... dxc4 {[%clk 0:03:18]} 10. dxc4 {[%clk 0:04:26.2]} 10... Be6 {[%clk 0:02:41.6]} 11. b3 {[%clk 0:04:03.2]} 11... b5 {[%clk 0:02:00.5]} 12. cxb5 {[%clk 0:03:28.7]} 12... cxb5 {[%clk 0:02:00.5]} 13. Nxe5 {[%clk 0:03:29.3]} 13... Bd4 {[%clk 0:02:00.4]} 14. c3 {[%clk 0:02:18]} 14... Bxe5 {[%clk 0:02:01.3]} 15. Qe3 {[%clk 0:02:07.9]} 15... b4 {[%clk 0:01:37.3]} 16. Bb2 {[%clk 0:02:08.4]} 16... bxc3 {[%clk 0:01:12.4]} 17. Bxc3 {[%clk 0:02:08.9]} 17... Ng6 {[%clk 0:01:07.4]} 18. O-O {[%clk 0:02:07.7]} 18... Bxc3 {[%clk 0:01:05.7]} 19. Nxc3 {[%clk 0:02:08.1]} 19... Nc6 {[%clk 0:01:08.8]} 20. Nb5 {[%clk 0:02:07]} 20... a6 {[%clk 0:00:54.6]} 21. Nd6 {[%clk 0:02:08.3]} 21... Rad8 {[%clk 0:00:53.3]} 22. Rad1 {[%clk 0:01:55]} 22... Qe5 {[%clk 0:00:46.6]} 23. Nb7 {[%clk 0:01:43.6]} 23... Rxd1 {[%clk 0:00:45.1]} 24. Rxd1 {[%clk 0:01:45.9]} 24... Nd4 {[%clk 0:00:37]} 25. Rxd4 {[%clk 0:01:42.3]} 25... Nf4 {[%clk 0:00:34.3]} 26. Rd1 {[%clk 0:01:31.6]} 26... Qg5 {[%clk 0:00:37.4]} 27. Qf3 {[%clk 0:01:22]} 27... Bg4 {[%clk 0:00:33.7]} 28. Qg3 {[%clk 0:01:15.9]} 28... Bxd1 {[%clk 0:00:35.4]} 0-1
",300+5,1583683822,true,mC0KfA9IdN7Tgv!0lt8!vM3VMvYQNEZJEwJAtA6SjrXHAHQHvKIBksBKwuHzcjzsjs0UegKsbs5QsHWOHR47adTKRX7dfdQBdBUDBdKMuvSEvwEd,6963bd64-6155-11ea-95ff-eb3d40010001,,5rk1/1N3pp1/p6p/6q1/4Pn2/1P4Q1/P4PPP/3b2K1 w - -,blitz,chess,1072,resigned,https://api.chess.com/pub/player/anaadam,anaadam,7b0780ce-b14b-11e9-acb8-65d6a55587c7,1119,win,https://api.chess.com/pub/player/elitebarbs13,EliteBarbs13,d35dcd9c-9987-11e7-802c-000000000000,https://www.chess.com/openings/Bishops-Opening-Boi-Variation,,
https://www.chess.com/game/live/4590015710,"[Event ""Live Chess""]
[Site ""Chess.com""]
[Date ""2020.03.13""]
[Round ""-""]
[White ""EliteBarbs13""]
[Black ""haseeb6""]
[Result ""1-0""]
[CurrentPosition ""r1bqkbnr/pp3pp1/3p3p/2pQ4/2B1P3/2N5/PPP2PPP/R1B1K2R b KQkq -""]
[Timezone ""UTC""]
[ECO ""C50""]
[ECOUrl ""https://www.chess.com/openings/Italian-Game-3...d6""]
[UTCDate ""2020.03.13""]
[UTCTime ""13:13:31""]
[WhiteElo ""1131""]
[BlackElo ""1127""]
[TimeControl ""300+5""]
[Termination ""EliteBarbs13 won - game abandoned""]
[StartTime ""13:13:31""]
[EndDate ""2020.03.13""]
[EndTime ""13:16:31""]
[Link ""https://www.chess.com/game/live/4590015710""]

1. e4 {[%clk 0:05:04.9]} 1... e5 {[%clk 0:05:03.5]} 2. Nf3 {[%clk 0:05:08.9]} 2... Nc6 {[%clk 0:05:05]} 3. Bc4 {[%clk 0:05:12.5]} 3... d6 {[%clk 0:05:03.6]} 4. Nc3 {[%clk 0:05:14.9]} 4... h6 {[%clk 0:04:57.1]} 5. d4 {[%clk 0:05:14.4]} 5... exd4 {[%clk 0:04:49.1]} 6. Nxd4 {[%clk 0:05:17.7]} 6... Nxd4 {[%clk 0:04:51.6]} 7. Qxd4 {[%clk 0:05:21.6]} 7... c5 {[%clk 0:04:31.3]} 8. Qd5 {[%clk 0:04:47.7]} 1-0
",300+5,1584105391,true,mC0Kgv5QfAZRbs3VlBKBvBQBdBYIBJ,6a8e79f2-652c-11ea-95ff-eb3d40010001,,r1bqkbnr/pp3pp1/3p3p/2pQ4/2B1P3/2N5/PPP2PPP/R1B1K2R b KQkq -,blitz,chess,1131,win,https://api.chess.com/pub/player/elitebarbs13,EliteBarbs13,d35dcd9c-9987-11e7-802c-000000000000,1127,abandoned,https://api.chess.com/pub/player/haseeb6,haseeb6,ff288e9c-d57d-11e9-85aa-79b120d3f336,https://www.chess.com/openings/Italian-Game-3...d6,,
https://www.chess.com/game/live/4645145183,"[Event ""Live Chess""]
[Site ""Chess.com""]
[Date ""2020.03.27""]
[Round ""-""]
[White ""AlirioGalindo""]
[Black ""EliteBarbs13""]
[Result ""1-0""]
[CurrentPosition ""6k1/ppp5/5q1p/3Pr2Q/5pp1/2P5/PP4PP/4RRK1 w - -""]
[Timezone ""UTC""]
[ECO ""D00""]
[ECOUrl ""https://www.chess.com/openings/Queens-Pawn-Opening-Mason-Attack""]
[UTCDate ""2020.03.27""]
[UTCTime ""18:58:27""]
[WhiteElo ""1114""]
[BlackElo ""1118""]
[TimeControl ""300+5""]
[Termination ""AlirioGalindo won by resignation""]
[StartTime ""18:58:27""]
[EndDate ""2020.03.27""]
[EndTime ""19:10:10""]
[Link ""https://www.chess.com/game/live/4645145183""]

1. f4 {[%clk 0:05:03.5]} 1... d5 {[%clk 0:05:02.2]} 2. d4 {[%clk 0:05:06.6]} 2... Nf6 {[%clk 0:05:04.5]} 3. e3 {[%clk 0:05:08.8]} 3... Bf5 {[%clk 0:05:04.3]} 4. Nf3 {[%clk 0:05:11.3]} 4... Nc6 {[%clk 0:04:53.1]} 5. c3 {[%clk 0:05:10.6]} 5... e6 {[%clk 0:04:55.9]} 6. Bd3 {[%clk 0:05:12.6]} 6... Bg6 {[%clk 0:04:55.8]} 7. Qc2 {[%clk 0:05:01.5]} 7... Bd6 {[%clk 0:04:32.7]} 8. f5 {[%clk 0:04:59.6]} 8... exf5 {[%clk 0:04:10.9]} 9. Bxf5 {[%clk 0:05:02.3]} 9... Bxf5 {[%clk 0:03:50.7]} 10. Qxf5 {[%clk 0:05:05.3]} 10... O-O {[%clk 0:03:53.4]} 11. Ng5 {[%clk 0:05:03.2]} 11... g6 {[%clk 0:03:48]} 12. Qh3 {[%clk 0:04:57.6]} 12... Nh5 {[%clk 0:03:09.6]} 13. e4 {[%clk 0:04:30.7]} 13... Bf4 {[%clk 0:02:28.8]} 14. Bxf4 {[%clk 0:04:27.6]} 14... dxe4 {[%clk 0:02:13.3]} 15. Be3 {[%clk 0:04:09.6]} 15... h6 {[%clk 0:02:15.9]} 16. Nxe4 {[%clk 0:03:59.9]} 16... Re8 {[%clk 0:02:04.9]} 17. Nbd2 {[%clk 0:04:01.7]} 17... f5 {[%clk 0:01:54.9]} 18. Nf6+ {[%clk 0:02:50.7]} 18... Qxf6 {[%clk 0:01:49.5]} 19. O-O {[%clk 0:02:43.8]} 19... f4 {[%clk 0:01:23.1]} 20. Bf2 {[%clk 0:02:39]} 20... g5 {[%clk 0:00:46.8]} 21. Qxh5 {[%clk 0:02:38.7]} 21... Rf8 {[%clk 0:00:42.5]} 22. Nf3 {[%clk 0:02:36.5]} 22... Rae8 {[%clk 0:00:38.1]} 23. d5 {[%clk 0:02:38.6]} 23... Ne5 {[%clk 0:00:37.9]} 24. Nxe5 {[%clk 0:02:40.3]} 24... Rxe5 {[%clk 0:00:41.7]} 25. Bd4 {[%clk 0:02:44]} 25... Rfe8 {[%clk 0:00:12.8]} 26. Bxe5 {[%clk 0:02:46.7]} 26... Rxe5 {[%clk 0:00:16.6]} 27. Rae1 {[%clk 0:02:48.2]} 27... g4 {[%clk 0:00:19.7]} 1-0
",300+5,1585336210,true,nDZJlB!Tmu6Lgv5Qks0SftLUdk9RDLSLtLULkL8!vM2ULxTNuCRDcDJCDu3VMC98bl1LCT7TegLDunUMxN89lv48BJQKvK8KnB98BK8KaeME,e5a6fdf7-705c-11ea-a66b-eb3d40010001,,6k1/ppp5/5q1p/3Pr2Q/5pp1/2P5/PP4PP/4RRK1 w - -,blitz,chess,1114,win,https://api.chess.com/pub/player/aliriogalindo,AlirioGalindo,659e03b8-8d01-11dd-801a-000000000000,1118,resigned,https://api.chess.com/pub/player/elitebarbs13,EliteBarbs13,d35dcd9c-9987-11e7-802c-000000000000,https://www.chess.com/openings/Queens-Pawn-Opening-Mason-Attack,,
https://www.chess.com/game/live/4645920089,"[Event ""Live Chess""]
[Site ""Chess.com""]
[Date ""2020.03.27""]
[Round ""-""]
[White ""rottenchops""]
[Black ""EliteBarbs13""]
[Result ""1-0""]
[CurrentPosition ""r1bq1rk1/2p2ppp/p1Bb4/1p2p3/8/5N2/PPPP1PPP/RNBQR1K1 b - -""]
[Timezone ""UTC""]
[ECO ""C78""]
[ECOUrl ""https://www.chess.com/openings/Ruy-Lopez-Opening-Morphy-Defense-Columbus-Variation-4...Nf6-5.O-O-b5-6.Bb3""]
[UTCDate ""2020.03.27""]
[UTCTime ""22:39:41""]
[WhiteElo ""1137""]
[BlackElo ""1106""]
[TimeControl ""300+5""]
[Termination ""rottenchops won by resignation""]
[StartTime ""22:39:41""]
[EndDate ""2020.03.27""]
[EndTime ""22:40:40""]
[Link ""https://www.chess.com/game/live/4645920089""]

1. e4 {[%clk 0:05:04.9]} 1... e5 {[%clk 0:05:01.8]} 2. Nf3 {[%clk 0:05:09.4]} 2... Nc6 {[%clk 0:05:04.5]} 3. Bb5 {[%clk 0:05:13.2]} 3... a6 {[%clk 0:05:08.5]} 4. Ba4 {[%clk 0:05:16.2]} 4... b5 {[%clk 0:05:12.3]} 5. Bb3 {[%clk 0:05:19.3]} 5... Nf6 {[%clk 0:05:11.3]} 6. O-O {[%clk 0:05:22.8]} 6... d5 {[%clk 0:05:06.3]} 7. exd5 {[%clk 0:05:22.3]} 7... Nxd5 {[%clk 0:05:08.3]} 8. Re1 {[%clk 0:05:26.6]} 8... Bd6 {[%clk 0:05:10.4]} 9. Bxd5 {[%clk 0:05:29.2]} 9... O-O {[%clk 0:05:11]} 10. Bxc6 {[%clk 0:05:32.2]} 1-0
",300+5,1585348840,true,mC0Kgv5QfHWOHyXHyr!TegZJCJTJfe9RrJ8!JQ,d71b24f6-707b-11ea-a66b-eb3d40010001,,r1bq1rk1/2p2ppp/p1Bb4/1p2p3/8/5N2/PPPP1PPP/RNBQR1K1 b - -,blitz,chess,1137,win,https://api.chess.com/pub/player/rottenchops,rottenchops,a437defa-69d7-11e4-800c-000000000000,1106,resigned,https://api.chess.com/pub/player/elitebarbs13,EliteBarbs13,d35dcd9c-9987-11e7-802c-000000000000,https://www.chess.com/openings/Ruy-Lopez-Opening-Morphy-Defense-Columbus-Variation-4...Nf6-5.O-O-b5-6.Bb3,,
https://www.chess.com/game/live/4645923476,"[Event ""Live Chess""]
[Site ""Chess.com""]
[Date ""2020.03.27""]
[Round ""-""]
[White ""EliteBarbs13""]
[Black ""mwdiehl""]
[Result ""1-0""]
[CurrentPosition ""Q6k/p1p3pp/8/3p4/8/6qP/PP3r2/RNB4K b - -""]
[Timezone ""UTC""]
[ECO ""C53""]
[ECOUrl ""https://www.chess.com/openings/Giuoco-Piano-Game-Main-Line-La-Bourdonnais-Variation""]
[UTCDate ""2020.03.27""]
[UTCTime ""22:40:57""]
[WhiteElo ""1117""]
[BlackElo ""1093""]
[TimeControl ""300+5""]
[Termination ""EliteBarbs13 won by resignation""]
[StartTime ""22:40:57""]
[EndDate ""2020.03.27""]
[EndTime ""22:48:25""]
[Link ""https://www.chess.com/game/live/4645923476""]

1. e4 {[%clk 0:04:57.8]} 1... e5 {[%clk 0:05:03.2]} 2. Nf3 {[%clk 0:05:01.1]} 2... Nc6 {[%clk 0:05:07.1]} 3. Bc4 {[%clk 0:05:02.3]} 3... Bc5 {[%clk 0:05:07.5]} 4. c3 {[%clk 0:05:05.8]} 4... d6 {[%clk 0:05:09.9]} 5. d4 {[%clk 0:05:09.5]} 5... exd4 {[%clk 0:05:09.2]} 6. cxd4 {[%clk 0:05:06.1]} 6... Bb6 {[%clk 0:05:12.2]} 7. Bb5 {[%clk 0:04:53.2]} 7... Bg4 {[%clk 0:05:12.9]} 8. d5 {[%clk 0:04:56.4]} 8... Ne7 {[%clk 0:05:04.1]} 9. dxc6 {[%clk 0:04:58.7]} 9... bxc6 {[%clk 0:05:01.8]} 10. Ba4 {[%clk 0:04:54.3]} 10... O-O {[%clk 0:05:03.1]} 11. h3 {[%clk 0:04:38.9]} 11... Bxf3 {[%clk 0:04:55.4]} 12. Qxf3 {[%clk 0:04:40.9]} 12... f5 {[%clk 0:04:48.6]} 13. O-O {[%clk 0:04:39.6]} 13... fxe4 {[%clk 0:04:47.3]} 14. Qxe4 {[%clk 0:04:41.5]} 14... d5 {[%clk 0:04:50.2]} 15. Qe6+ {[%clk 0:04:24.9]} 15... Kh8 {[%clk 0:04:49.6]} 16. Bxc6 {[%clk 0:04:23.3]} 16... Nxc6 {[%clk 0:04:38.7]} 17. Qxc6 {[%clk 0:04:26]} 17... Qh4 {[%clk 0:04:40.5]} 18. g3 {[%clk 0:03:56.3]} 18... Bxf2+ {[%clk 0:04:23.8]} 19. Rxf2 {[%clk 0:03:53.6]} 19... Qxg3+ {[%clk 0:04:25.6]} 20. Rg2 {[%clk 0:03:45.6]} 20... Qe1+ {[%clk 0:04:20.8]} 21. Kh2 {[%clk 0:03:38.5]} 21... Qe5+ {[%clk 0:04:18.9]} 22. Kh1 {[%clk 0:03:30.4]} 22... Rf1+ {[%clk 0:04:21]} 23. Rg1 {[%clk 0:03:30.4]} 23... Qe4+ {[%clk 0:04:21.7]} 24. Kh2 {[%clk 0:03:29.7]} 24... Qe2+ {[%clk 0:04:03.4]} 25. Rg2 {[%clk 0:03:32.1]} 25... Qe5+ {[%clk 0:04:00.4]} 26. Rg3 {[%clk 0:03:33.6]} 26... Rf2+ {[%clk 0:03:59.9]} 27. Kh1 {[%clk 0:03:36.5]} 27... Qxg3 {[%clk 0:03:59.9]} 28. Qxa8+ {[%clk 0:03:30.3]} 1-0
",300+5,1585349305,true,mC0Kgv5QfA9IksZRlBKBsBIPAH6EBJ!0JQXQHy8!pxEvdv1LegLCvCRJCS!?yQ0QSQ7FowPnfnFwnowegpeKph9fogKChpCmgomKowfnphKwQ4,feaf706e-707b-11ea-a66b-eb3d40010001,,Q6k/p1p3pp/8/3p4/8/6qP/PP3r2/RNB4K b - -,blitz,chess,1117,win,https://api.chess.com/pub/player/elitebarbs13,EliteBarbs13,d35dcd9c-9987-11e7-802c-000000000000,1093,resigned,https://api.chess.com/pub/player/mwdiehl,mwdiehl,4be3c7f2-a22f-11e3-8010-000000000000,https://www.chess.com/openings/Giuoco-Piano-Game-Main-Line-La-Bourdonnais-Variation,,
https://www.chess.com/game/live/4649054659,"[Event ""Live Chess""]
[Site ""Chess.com""]
[Date ""2020.03.28""]
[Round ""-""]
[White ""DanielAnam""]
[Black ""EliteBarbs13""]
[Result ""0-1""]
[CurrentPosition ""5k2/3q4/2n2P1K/8/8/6P1/8/1q6 b - -""]
[Timezone ""UTC""]
[ECO ""D00""]
[ECOUrl ""https://www.chess.com/openings/Queens-Pawn-Opening-Chigorin-Richter-Variation""]
[UTCDate ""2020.03.28""]
[UTCTime ""17:43:57""]
[WhiteElo ""944""]
[BlackElo ""1101""]
[TimeControl ""900+10""]
[Termination ""EliteBarbs13 won by resignation""]
[StartTime ""17:43:57""]
[EndDate ""2020.03.28""]
[EndTime ""18:11:24""]
[Link ""https://www.chess.com/game/live/4649054659""]

1. d4 {[%clk 0:15:09.1]} 1... d5 {[%clk 0:15:08.1]} 2. Nc3 {[%clk 0:15:16.2]} 2... Nf6 {[%clk 0:15:16.2]} 3. f3 {[%clk 0:15:15.5]} 3... e6 {[%clk 0:15:10]} 4. Be3 {[%clk 0:15:16.4]} 4... c5 {[%clk 0:14:59.3]} 5. dxc5 {[%clk 0:15:17.7]} 5... Qa5 {[%clk 0:15:07.7]} 6. b4 {[%clk 0:15:20.1]} 6... Qxb4 {[%clk 0:15:13.8]} 7. Qd2 {[%clk 0:15:11.7]} 7... Bxc5 {[%clk 0:14:50.6]} 8. Bf4 {[%clk 0:14:44]} 8... O-O {[%clk 0:14:28.4]} 9. g3 {[%clk 0:14:18.8]} 9... Bd4 {[%clk 0:14:22.2]} 10. e3 {[%clk 0:14:13.5]} 10... Bxc3 {[%clk 0:14:29.1]} 11. Rd1 {[%clk 0:14:06.9]} 11... Bxd2+ {[%clk 0:14:11.6]} 12. Rxd2 {[%clk 0:14:08]} 12... b6 {[%clk 0:14:19.7]} 13. c3 {[%clk 0:14:15.1]} 13... Qb1+ {[%clk 0:14:21.5]} 14. Rd1 {[%clk 0:14:21.2]} 14... Qxa2 {[%clk 0:14:29.3]} 15. Ne2 {[%clk 0:13:43.7]} 15... Ba6 {[%clk 0:14:34.8]} 16. Kf2 {[%clk 0:13:51.2]} 16... Qa3 {[%clk 0:13:56]} 17. Rg1 {[%clk 0:13:24.9]} 17... Bxe2 {[%clk 0:14:01.4]} 18. Bxe2 {[%clk 0:13:33]} 18... Qxc3 {[%clk 0:14:09.2]} 19. Bd3 {[%clk 0:13:23.3]} 19... d4 {[%clk 0:13:25.2]} 20. e4 {[%clk 0:13:09.9]} 20... Qb2+ {[%clk 0:13:06.6]} 21. Bd2 {[%clk 0:13:09.1]} 21... Nxe4+ {[%clk 0:13:05]} 22. Bxe4 {[%clk 0:13:10.4]} 22... f5 {[%clk 0:13:06.3]} 23. Bxa8 {[%clk 0:13:09.9]} 23... d3 {[%clk 0:13:14.7]} 24. g4 {[%clk 0:12:41.5]} 24... fxg4 {[%clk 0:13:11.7]} 25. Rxg4 {[%clk 0:12:23.8]} 25... a5 {[%clk 0:12:22.5]} 26. Be4 {[%clk 0:12:16.6]} 26... a4 {[%clk 0:11:51.3]} 27. Rh4 {[%clk 0:12:18.2]} 27... h6 {[%clk 0:11:52.2]} 28. Kg1 {[%clk 0:12:09]} 28... a3 {[%clk 0:11:48.1]} 29. Bxh6 {[%clk 0:11:34.8]} 29... gxh6 {[%clk 0:10:58.5]} 30. Rxh6 {[%clk 0:11:38.4]} 30... Rf7 {[%clk 0:09:39]} 31. Rg6+ {[%clk 0:11:35.4]} 31... Rg7 {[%clk 0:09:28.4]} 32. Rg3 {[%clk 0:11:20.7]} 32... Rxg3+ {[%clk 0:09:22.4]} 33. hxg3 {[%clk 0:11:28.4]} 33... a2 {[%clk 0:09:06.9]} 34. Bxd3 {[%clk 0:11:08.2]} 34... a1=Q {[%clk 0:08:40]} 35. Rxa1 {[%clk 0:10:43.3]} 35... Qxa1+ {[%clk 0:08:47.8]} 36. Kh2 {[%clk 0:10:49.9]} 36... Qh8+ {[%clk 0:08:46]} 37. Kg2 {[%clk 0:10:54.8]} 37... Nc6 {[%clk 0:08:51.3]} 38. Bc4 {[%clk 0:10:58.9]} 38... Kf8 {[%clk 0:07:25.9]} 39. f4 {[%clk 0:10:32.7]} 39... Qb2+ {[%clk 0:07:26.4]} 40. Kf3 {[%clk 0:10:38.8]} 40... b5 {[%clk 0:07:35]} 41. Bxe6 {[%clk 0:10:42.4]} 41... b4 {[%clk 0:07:43.5]} 42. f5 {[%clk 0:10:35.5]} 42... b3 {[%clk 0:07:47.4]} 43. Bd7 {[%clk 0:10:29.6]} 43... Qc3+ {[%clk 0:07:53.1]} 44. Kg4 {[%clk 0:10:36.1]} 44... b2 {[%clk 0:08:01.4]} 45. Kg5 {[%clk 0:10:14]} 45... Qd2+ {[%clk 0:07:59.1]} 46. Kg6 {[%clk 0:10:20.5]} 46... Qxd7 {[%clk 0:08:07.6]} 47. f6 {[%clk 0:10:28.7]} 47... b1=Q+ {[%clk 0:08:15.9]} 48. Kh6 {[%clk 0:10:35]} 0-1
",900+10,1585419084,true,lBZJbs!Tnv0ScuYIBI7GjzGzdl9IuD8!owIBmuBsadsldlXPkszbldbigm6OeniqhgOmfmqsmtJBuCsjDlTCtC1LC4BtwELEgEWG4CGyEF3VngyqlV2VFV91VU12Uw2wpwqiCti~dajagpa?po5QtA!9vD?jovPHASHzDLzrSZjsvErjEMslMUlZLTj~UV,a272f56f-711b-11ea-bfdc-eb3d40010001,,5k2/3q4/2n2P1K/8/8/6P1/8/1q6 b - -,rapid,chess,944,resigned,https://api.chess.com/pub/player/danielanam,DanielAnam,5daf8758-6477-11ea-9cc1-e72a82141963,1101,win,https://api.chess.com/pub/player/elitebarbs13,EliteBarbs13,d35dcd9c-9987-11e7-802c-000000000000,https://www.chess.com/openings/Queens-Pawn-Opening-Chigorin-Richter-Variation,,
